S.No,LinkedIn Post Topic,Status,Created Date,Processing Date,Published Date,LinkedIn Post ID,LinkedIn URL,Post Content,Image File,Error,Attempts
1,Why Spice Sales Is Not Just About Price,PUBLISHED,,2026-09-30T11:08:04Z,2026-09-30T11:08:53Z,urn:li:share:7511019228766834689,https://www.linkedin.com/feed/update/urn:li:share:7511019228766834689/,"𝐒𝐩𝐢𝐜𝐞 𝐛𝐮𝐲𝐞𝐫𝐬 𝐜𝐚𝐫𝐞 𝐚𝐛𝐨𝐮𝐭 𝐨𝐧𝐞 𝐭𝐡𝐢𝐧𝐠: 𝐜𝐨𝐧𝐬𝐢𝐬𝐭𝐞𝐧𝐜𝐲. 🌶️

Most traders think the race is won on price. It's not.

I've seen cardamom deals fall apart over 2% moisture variance. A premium buyer will reject an entire shipment—not because it's expensive, but because batch #3 doesn't match batch #1. Trust erodes in seconds.

𝐖𝐡𝐚𝐭 𝐁𝐮𝐲𝐞𝐫𝐬 𝐀𝐜𝐭𝐮𝐚𝐥𝐥𝐲 𝐖𝐚𝐧𝐭

Quality specs matter. Moisture content, size grading, aroma profile—these are non-negotiable. But here's what separates the winning suppliers: documentation and reliability.

A buyer wants to know your process is repeatable. Every single time. 📋

𝐓𝐡𝐞 𝐑𝐞𝐚𝐥 𝐂𝐨𝐦𝐩𝐞𝐭𝐢𝐭𝐢𝐯𝐞 𝐄𝐝𝐠𝐞

The traders making steady margin aren't the cheapest. They're the ones with consistent supply, transparent testing reports, and the ability to deliver the same product quality month after month.

Price is your entry ticket. Consistency is your contract renewal. 🎯

When you're dealing with FMCG brands or food manufacturers, one bad batch creates a ripple—consumer complaints, recalls, reputational damage. They'll pay a premium to avoid that. And they'll stick with you if you never force them to worry.

𝐈𝐧 𝐭𝐡𝐞 𝐔𝐀𝐄 𝐚𝐧𝐝 𝐆𝐂𝐂 𝐦𝐚𝐫𝐤𝐞𝐭𝐬, relationships still matter, but they're built on proving you can deliver. Every. Single. Time.

Document your process. Know your specs cold. Show up as the person buyers can rely on—not just the cheapest option on the table. 💼

What's the biggest quality issue you've seen derail a spice deal?

📚 𝐓𝐨 𝐤𝐧𝐨𝐰 𝐦𝐨𝐫𝐞 𝐚𝐧𝐝 𝐝𝐨𝐰𝐧𝐥𝐨𝐚𝐝 𝐫𝐞𝐬𝐨𝐮𝐫𝐜𝐞𝐬 𝐯𝐢𝐬𝐢𝐭:
https://abhijithkjayan.bolt.host/

#Dubai #DubaiCareers #FMCG #UAECareers #SpiceTrading #Cardamom #SupplyChain #B2BSales",generated_images/post_1.png,,1
2,The Urgency Trap in Import-Export Deals,,,,,,,,,,
3,How to Verify a Spice Supplier Before Paying,,,,,,,,,,
4,The Bank Account Name Mismatch Warning,,,,,,,,,,
5,Too Cheap to Be True: The Commodity Pricing Trap,,,,,,,,,,
6,Advance Payment Scams in International Trade,,,,,,,,,,
7,How Fake Proforma Invoices Can Mislead Importers,,,,,,,,,,
8,The Fake Shipping Document Scam,,,,,,,,,,
9,How to Check a Bill of Lading Before Trusting It,,,,,,,,,,
10,Certificate of Origin: What Buyers Should Verify,,,,,,,,,,
11,The Fake Certificate Problem in Spice Trading,,,,,,,,,,
12,Phytosanitary Certificates: What Importers Should Know,,,,,,,,,,
13,Food Safety Documents Every Spice Buyer Should Understand,,,,,,,,,,
14,COA Fraud: When a Certificate Doesn't Tell the Whole Story,,,,,,,,,,
15,Container Number Verification Before Shipment,,,,,,,,,,
16,The Fake Freight Forwarder Scam,,,,,,,,,,
17,Fake Customs Agent Scams,,,,,,,,,,
18,Business Email Compromise in Import-Export,,,,,,,,,,
19,Why Email Domain Verification Matters,,,,,,,,,,
20,WhatsApp Business Scams in Global Trade,,,,,,,,,,
21,Why a Professional Website Doesn't Prove a Supplier Is Genuine,,,,,,,,,,
22,Using Google Maps for Basic Supplier Due Diligence,,,,,,,,,,
23,How to Verify a New Overseas Buyer,,,,,,,,,,
24,Credit Sales: The Hidden Risk in Export Trading,,,,,,,,,,
25,Letter of Credit Fraud: What Traders Should Watch,,,,,,,,,,
26,Trade Finance Scams Explained,,,,,,,,,,
27,The Fake Purchase Order Scam,,,,,,,,,,
28,The Fake Inspection Report,,,,,,,,,,
29,Spice Adulteration: What Buyers Should Know,,,,,,,,,,
30,Grade Mixing in Cardamom,,,,,,,,,,
31,Why Moisture Matters in Spice Trading,,,,,,,,,,
32,Weight Manipulation Risks in Commodity Trading,,,,,,,,,,
33,Short Shipment: When Quantity Is the Problem,,,,,,,,,,
34,Quality Claims After Shipment: How to Prevent Disputes,,,,,,,,,,
35,Sample Fraud in Spice Exports,,,,,,,,,,
36,"Same Product, Different Quality: Why Specifications Matter",,,,,,,,,,
37,Incoterms Every Spice Trader Should Understand,,,,,,,,,,
38,FOB vs CIF: Who Carries Which Risk?,,,,,,,,,,
39,Hidden Costs in Importing Spices,,,,,,,,,,
40,Demurrage and Detention: The Cost of Delay,,,,,,,,,,
41,Why HS Codes Matter in Spice Imports,,,,,,,,,,
42,Country of Origin vs Country of Shipment,,,,,,,,,,
43,Sanctions and Restricted-Party Screening,,,,,,,,,,
44,Money Laundering Red Flags in Trade,,,,,,,,,,
45,Trade-Based Money Laundering Explained,,,,,,,,,,
46,How to Build a Safe Import-Export Payment Process,,,,,,,,,,
47,The 10-Minute Due Diligence Checklist for Traders,,,,,,,,,,
48,What to Do When an Overseas Trade Deal Looks Suspicious,,,,,,,,,,
49,"Trust Is Built by Verification, Not Promises",,,,,,,,,,
,,,,,,,,,,,
